# a	b	verdict (R=same question incl. same reused passage set; V=same problem, numbers/names changed; F=false match, only template shared)	zone
# 261 further candidate pairs (cos<0.7, jac<0.15, <12 content words) rejected as a group after a read sample was all false
2018#29	2022#30	R	A:auto(jac>=0.45, 14/14 sampled genuine)
2019#5	2023#104	R	A:auto(jac>=0.45, 14/14 sampled genuine)
2015#15	2017#93	R	A:auto(jac>=0.45, 14/14 sampled genuine)
2016#40	2019#107	R	A:auto(jac>=0.45, 14/14 sampled genuine)
2016#96	2018#3	R	A:auto(jac>=0.45, 14/14 sampled genuine)
2023#35	2024#43	R	A:auto(jac>=0.45, 14/14 sampled genuine)
2015#45	2023#112	R	A:auto(jac>=0.45, 14/14 sampled genuine)
2018#104	2020#11	R	A:auto(jac>=0.45, 14/14 sampled genuine)
2017#3	2020#43	R	A:auto(jac>=0.45, 14/14 sampled genuine)
2008#42	2013#5	R	A:auto(jac>=0.45, 14/14 sampled genuine)
2018#96	2022#71	R	A:auto(jac>=0.45, 14/14 sampled genuine)
2011#1	2018#37	R	A:auto(jac>=0.45, 14/14 sampled genuine)
2018#76	2020#10	R	A:auto(jac>=0.45, 14/14 sampled genuine)
2015#55	2023#1	R	A:auto(jac>=0.45, 14/14 sampled genuine)
2011#107	2016#10	R	A:auto(jac>=0.45, 14/14 sampled genuine)
2015#14	2017#94	R	A:auto(jac>=0.45, 14/14 sampled genuine)
2014#9	2019#101	R	A:auto(jac>=0.45, 14/14 sampled genuine)
2016#41	2019#107	R	A:auto(jac>=0.45, 14/14 sampled genuine)
2023#84	2024#81	R	A:auto(jac>=0.45, 14/14 sampled genuine)
2019#94	2022#90	R	A:auto(jac>=0.45, 14/14 sampled genuine)
2018#84	2020#14	R	A:auto(jac>=0.45, 14/14 sampled genuine)
2016#42	2019#107	R	A:auto(jac>=0.45, 14/14 sampled genuine)
2011#11	2021#47	R	A:auto(jac>=0.45, 14/14 sampled genuine)
2021#80	2023#108	R	A:auto(jac>=0.45, 14/14 sampled genuine)
2018#71	2022#20	R	A:auto(jac>=0.45, 14/14 sampled genuine)
2009#62	2012#87	R	A:auto(jac>=0.45, 14/14 sampled genuine)
2018#32	2020#87	R	A:auto(jac>=0.45, 14/14 sampled genuine)
2008#114	2012#111	R	A:auto(jac>=0.45, 14/14 sampled genuine)
2015#46	2023#120	R	A:auto(jac>=0.45, 14/14 sampled genuine)
2009#61	2012#88	R	A:auto(jac>=0.45, 14/14 sampled genuine)
2019#13	2023#103	R	A:auto(jac>=0.45, 14/14 sampled genuine)
2008#110	2017#30	R	A:auto(jac>=0.45, 14/14 sampled genuine)
2017#105	2018#89	R	A:auto(jac>=0.45, 14/14 sampled genuine)
2015#12	2017#92	R	A:auto(jac>=0.45, 14/14 sampled genuine)
2018#113	2020#21	R	A:auto(jac>=0.45, 14/14 sampled genuine)
2011#72	2013#63	R	A:auto(jac>=0.45, 14/14 sampled genuine)
2009#63	2012#86	R	A:auto(jac>=0.45, 14/14 sampled genuine)
2018#80	2022#87	R	A:auto(jac>=0.45, 14/14 sampled genuine)
2015#49	2022#7	R	A:auto(jac>=0.45, 14/14 sampled genuine)
2009#64	2012#87	R	A:auto(jac>=0.45, 14/14 sampled genuine)
2020#12	2022#89	R	A:auto(jac>=0.45, 14/14 sampled genuine)
2008#51	2021#109	R	A:auto(jac>=0.45, 14/14 sampled genuine)
2018#24	2022#64	R	A:auto(jac>=0.45, 14/14 sampled genuine)
2020#2	2022#6	R	A:auto(jac>=0.45, 14/14 sampled genuine)
2018#118	2022#100	R	A:auto(jac>=0.45, 14/14 sampled genuine)
2015#6	2019#102	R	A:auto(jac>=0.45, 14/14 sampled genuine)
2013#71	2018#96	R	A:auto(jac>=0.45, 14/14 sampled genuine)
2019#10	2023#109	R	A:auto(jac>=0.45, 14/14 sampled genuine)
2011#55	2013#55	R	A:auto(jac>=0.45, 14/14 sampled genuine)
2009#62	2012#88	R	A:auto(jac>=0.45, 14/14 sampled genuine)
2018#66	2022#23	R	A:auto(jac>=0.45, 14/14 sampled genuine)
2015#12	2021#87	R	A:auto(jac>=0.45, 14/14 sampled genuine)
2022#95	2023#83	R	A:auto(jac>=0.45, 14/14 sampled genuine)
2009#63	2012#88	R	A:auto(jac>=0.45, 14/14 sampled genuine)
2009#64	2012#88	R	A:auto(jac>=0.45, 14/14 sampled genuine)
2018#113	2020#22	R	A:auto(jac>=0.45, 14/14 sampled genuine)
2009#61	2012#87	R	A:auto(jac>=0.45, 14/14 sampled genuine)
2010#100	2024#71	R	A:auto(jac>=0.45, 14/14 sampled genuine)
2018#115	2020#21	R	A:auto(jac>=0.45, 14/14 sampled genuine)
2018#114	2020#21	R	A:auto(jac>=0.45, 14/14 sampled genuine)
2018#10	2022#57	R	A:auto(jac>=0.45, 14/14 sampled genuine)
2024#59	2025#104	R	A:auto(jac>=0.45, 14/14 sampled genuine)
2018#115	2020#22	R	A:auto(jac>=0.45, 14/14 sampled genuine)
2009#61	2012#86	R	A:auto(jac>=0.45, 14/14 sampled genuine)
2017#94	2021#84	R	A:auto(jac>=0.45, 14/14 sampled genuine)
2018#114	2020#22	R	A:auto(jac>=0.45, 14/14 sampled genuine)
2008#54	2021#106	R	A:auto(jac>=0.45, 14/14 sampled genuine)
2010#100	2024#67	R	A:auto(jac>=0.45, 14/14 sampled genuine)
2010#100	2024#69	R	A:auto(jac>=0.45, 14/14 sampled genuine)
2010#100	2024#65	R	A:auto(jac>=0.45, 14/14 sampled genuine)
2009#65	2012#88	R	A:auto(jac>=0.45, 14/14 sampled genuine)
2020#55	2023#88	R	A:auto(jac>=0.45, 14/14 sampled genuine)
2009#62	2012#86	R	A:auto(jac>=0.45, 14/14 sampled genuine)
2009#63	2012#87	R	A:auto(jac>=0.45, 14/14 sampled genuine)
2008#52	2021#95	R	A:auto(jac>=0.45, 14/14 sampled genuine)
2009#65	2012#87	R	A:auto(jac>=0.45, 14/14 sampled genuine)
2024#61	2025#104	R	A:auto(jac>=0.45, 14/14 sampled genuine)
2024#63	2025#104	R	A:auto(jac>=0.45, 14/14 sampled genuine)
2008#96	2025#2	R	A:auto(jac>=0.45, 14/14 sampled genuine)
2009#64	2012#86	R	A:auto(jac>=0.45, 14/14 sampled genuine)
2015#70	2023#57	R	A:auto(jac>=0.45, 14/14 sampled genuine)
2022#91	2023#73	R	A:auto(jac>=0.45, 14/14 sampled genuine)
2017#93	2021#86	R	A:auto(jac>=0.45, 14/14 sampled genuine)
2015#14	2017#92	R	A:auto(jac>=0.45, 14/14 sampled genuine)
2009#65	2012#86	R	A:auto(jac>=0.45, 14/14 sampled genuine)
2015#13	2017#92	R	A:auto(jac>=0.45, 14/14 sampled genuine)
2015#15	2021#86	R	A:auto(jac>=0.45, 14/14 sampled genuine)
2008#96	2016#43	R	A:auto(jac>=0.45, 14/14 sampled genuine)
2018#85	2022#87	R	A:auto(jac>=0.45, 14/14 sampled genuine)
2018#51	2020#3	R	A:auto(jac>=0.45, 14/14 sampled genuine)
2017#28	2018#4	R	A:auto(jac>=0.45, 14/14 sampled genuine)
2023#43	2024#55	V	A:auto(jac>=0.45, 14/14 sampled genuine)
2015#15	2017#94	R	A:auto(jac>=0.45, 14/14 sampled genuine)
2015#12	2017#94	R	A:auto(jac>=0.45, 14/14 sampled genuine)
2015#10	2017#90	R	A:auto(jac>=0.45, 14/14 sampled genuine)
2017#92	2021#87	R	A:auto(jac>=0.45, 14/14 sampled genuine)
2018#47	2020#116	R	A:auto(jac>=0.45, 14/14 sampled genuine)
2015#12	2017#93	R	A:auto(jac>=0.45, 14/14 sampled genuine)
2011#46	2021#100	R	A:auto(jac>=0.45, 14/14 sampled genuine)
2015#15	2017#92	R	A:auto(jac>=0.45, 14/14 sampled genuine)
2015#14	2017#93	R	A:auto(jac>=0.45, 14/14 sampled genuine)
2015#2	2023#115	R	A:auto(jac>=0.45, 14/14 sampled genuine)
2015#13	2017#94	R	A:auto(jac>=0.45, 14/14 sampled genuine)
2015#48	2023#111	R	A:auto(jac>=0.45, 14/14 sampled genuine)
2015#49	2016#120	R	B:read
2010#17	2017#95	F	B:read
2020#114	2022#11	R	B:read
2018#110	2022#74	F	B:read
2014#90	2015#49	R	B:read
2014#119	2019#101	F	B:read
2016#120	2022#7	V	B:read
2013#71	2022#71	R	B:read
2018#110	2022#75	F	B:read
2011#55	2013#54	R	B:read
2015#35	2016#37	R	B:read
2014#107	2019#23	R	B:read
2010#59	2016#81	V	B:read
2015#14	2021#84	R	B:read
2015#13	2021#105	R	B:read
2016#81	2020#112	R	B:read
2011#55	2013#56	R	B:read
2015#30	2019#100	R	B:read
2011#111	2012#91	R	B:read
2014#73	2023#107	V	B:read
2009#46	2021#107	V	B:read
2015#37	2022#70	R	B:read
2013#34	2018#58	V	B:read
2019#33	2021#66	R	B:read
2020#23	2021#94	R	B:read
2014#111	2016#23	R	B:read
2015#13	2017#93	R	B:read
2009#8	2017#35	R	B:read
2011#47	2016#59	V	B:read
2012#89	2018#9	R	B:read
2015#51	2019#38	R	B:read
2015#14	2021#87	R	B:read
2008#112	2024#91	R	B:read
2010#17	2026#84	F	B:read
2015#13	2021#87	R	B:read
2008#73	2020#44	R	B:read
2009#15	2018#67	R	B:read
2013#20	2023#114	V	B:read
2015#89	2025#52	F	B:read
2017#89	2019#2	V	B:read
2009#38	2017#39	R	B:read
2017#94	2021#87	R	B:read
2016#59	2019#90	V	B:read
2017#93	2021#87	R	B:read
2015#12	2021#105	R	B:read
2017#92	2021#105	R	B:read
2017#94	2021#86	R	B:read
2016#43	2025#2	R	B:read
2015#15	2021#87	R	B:read
2010#12	2026#84	F	B:read
2010#13	2026#84	F	B:read
2017#89	2019#3	V	B:read
2013#23	2018#69	V	B:read
2016#94	2023#76	R	B:read
2015#14	2021#105	R	B:read
2017#92	2021#86	R	B:read
2022#57	2024#8	F	B:read
2014#64	2025#57	V	B:read
2017#94	2021#105	R	B:read
2017#93	2021#105	R	B:read
2017#93	2021#84	R	B:read
2010#60	2016#22	R	B:read
2013#17	2022#32	V	B:read
2018#10	2024#8	F	B:read
2015#14	2021#86	R	B:read
2015#15	2021#105	R	B:read
2008#57	2014#7	R	B:read
2015#15	2021#84	R	B:read
2018#93	2019#92	F	B:read
2022#58	2024#8	F	B:read
2019#9	2026#58	F	B:read
2023#42	2024#11	F	B:read
2018#94	2019#92	F	B:read
2018#10	2022#58	F	B:read
2009#53	2011#70	F	B:read
2023#99	2024#117	F	B:read
2022#53	2024#3	F	B:read
2009#2	2019#49	R	B:read
2010#17	2015#24	F	C:read
2014#90	2022#7	V	C:read
2014#42	2020#51	F	C:read
2012#11	2013#47	R	C:read
2015#24	2016#54	F	C:read
2009#46	2015#42	F	C:read
2014#90	2016#120	V	C:read
2008#48	2023#116	V	C:read
2015#24	2017#95	F	C:read
2010#59	2020#112	V	C:read
2016#54	2017#95	F	C:read
2010#17	2016#54	F	C:read
2010#42	2013#10	F	C:read
2010#54	2012#8	V	C:read
2014#105	2020#117	F	C:read
2008#50	2017#67	F	C:read
2009#40	2020#78	F	C:read
2015#84	2024#12	R	C:read
2019#26	2020#78	F	C:read
2020#78	2022#29	F	C:read
2015#47	2026#48	F	C:read
2008#46	2020#117	R	C:read
2008#45	2011#25	F	C:read
2015#61	2021#36	V	C:read
2008#30	2022#46	F	C:read
2009#40	2022#29	F	C:read
2019#19	2021#33	F	C:read
2008#31	2021#52	R	C:read
2009#40	2019#26	F	C:read
2008#45	2014#77	F	C:read
2019#26	2022#29	F	C:read
2011#25	2014#77	F	C:read
2011#40	2017#67	F	C:read
2016#95	2019#27	F	C:read
2009#50	2025#36	F	C:read
2008#52	2021#109	R	C:read
2008#50	2011#40	F	C:read
2008#46	2014#105	F	C:read
2009#1	2021#50	F	C:read
2011#37	2012#3	F	C:read
2011#37	2015#54	F	C:read
2012#3	2015#54	F	C:read
2013#50	2021#50	F	C:read
2016#95	2025#36	F	C:read
2008#30	2018#28	F	C:read
2009#20	2011#25	F	C:read
2018#28	2022#46	F	C:read
2019#27	2025#36	F	C:read
2020#3	2022#32	F	C:read
2008#45	2009#20	F	C:read
2009#50	2019#27	F	C:read
2009#50	2016#95	F	C:read
2020#38	2022#74	F	C:read
2010#17	2020#42	F	C:read
2016#76	2017#58	F	C:read
2008#55	2021#109	R	C:read
2012#8	2015#65	F	C:read
2009#1	2013#50	F	C:read
2009#20	2014#77	F	C:read
2010#54	2015#65	F	C:read
2014#77	2021#50	F	C:read
2018#110	2020#38	F	C:read
2020#38	2022#75	F	C:read
2015#24	2020#42	F	C:read
2008#55	2021#95	R	C:read
2008#45	2018#47	F	C:read
2010#12	2020#42	F	C:read
2010#13	2020#42	F	C:read
2008#53	2021#109	R	C:read
2014#77	2018#47	F	C:read
2019#4	2022#74	F	C:read
2018#110	2019#4	F	C:read
2015#42	2021#107	F	C:read
2019#4	2022#75	F	C:read
2008#45	2021#50	F	C:read
2018#112	2021#93	F	C:read
2011#25	2021#50	F	C:read
2015#65	2023#3	F	C:read
2013#47	2021#38	F	C:read
2010#55	2011#27	F	C:read
2012#11	2021#38	F	C:read
2019#103	2025#110	F	C:read
2016#118	2025#77	F	C:read
2012#8	2023#3	F	C:read
2008#28	2021#68	F	C:read
2010#54	2023#3	F	C:read
2008#45	2009#1	F	C:read
2019#27	2021#32	F	C:read
2011#25	2018#47	F	C:read
2017#95	2020#42	F	C:read
2015#72	2018#1	R	C:read
2015#89	2025#47	F	C:read
2016#54	2020#42	F	C:read
2009#1	2014#77	F	C:read
2011#25	2015#88	F	C:read
2011#21	2024#48	F	C:read
2013#47	2024#48	F	C:read
2009#1	2011#25	F	C:read
2014#70	2021#78	F	C:read
2012#11	2024#48	F	C:read
2017#76	2025#64	F	C:read
2008#46	2024#48	F	C:read
2009#20	2018#47	F	C:read
2009#20	2021#50	F	C:read
2012#20	2015#89	F	C:read
2017#2	2025#110	F	C:read
2021#76	2024#48	F	C:read
2016#72	2021#78	F	C:read
2018#47	2021#50	F	C:read
2011#21	2021#76	F	C:read
2016#95	2021#32	F	C:read
2016#77	2020#3	F	C:read
2016#77	2022#32	F	C:read
2011#9	2016#95	F	C:read
2011#9	2019#27	F	C:read
2010#53	2019#27	F	C:read
2010#53	2025#36	F	C:read
2009#50	2010#53	F	C:read
2010#53	2016#95	F	C:read
2009#20	2015#88	F	C:read
2016#95	2021#78	F	C:read
2019#27	2021#78	F	C:read
2021#78	2025#36	F	C:read
2009#50	2021#78	F	C:read
2009#50	2022#46	F	C:read
2009#50	2021#32	F	C:read
2021#32	2025#36	F	C:read
2011#9	2025#36	F	C:read
2008#46	2021#76	F	C:read
2009#50	2011#9	F	C:read
2018#112	2022#17	F	C:read
2008#30	2009#50	F	C:read
2011#20	2012#13	F	C:read
2012#6	2014#105	F	C:read
2009#1	2018#47	F	C:read
2012#6	2020#117	F	C:read
2009#19	2018#39	F	C:read
2008#45	2015#88	F	C:read
2011#18	2022#40	F	C:read
2022#46	2025#36	F	C:read
2013#47	2025#77	F	C:read
2012#11	2025#77	F	C:read
2011#26	2015#65	F	C:read
2011#21	2017#76	F	C:read
2012#4	2014#101	F	C:read
2016#118	2022#3	F	C:read
2008#30	2025#36	F	C:read
2023#4	2026#48	F	C:read
2015#47	2023#4	F	C:read
2009#20	2013#50	F	C:read
2016#95	2022#1	F	C:read
2019#27	2022#1	F	C:read
2022#1	2025#36	F	C:read
2009#50	2022#1	F	C:read
2009#50	2018#28	F	C:read
2017#76	2021#76	F	C:read
2011#25	2013#50	F	C:read
2013#40	2014#101	F	C:read
2011#21	2018#46	F	C:read
2008#45	2013#50	F	C:read
2012#11	2021#76	F	C:read
2013#47	2021#76	F	C:read
2021#38	2024#48	F	C:read
2013#50	2014#77	F	C:read
2011#20	2021#76	F	C:read
2011#21	2021#38	F	C:read
2011#21	2012#11	F	C:read
2011#21	2013#47	F	C:read
2010#53	2021#78	F	C:read
2008#30	2019#27	F	C:read
2018#28	2019#27	F	C:read
2018#28	2025#36	F	C:read
2019#27	2022#46	F	C:read
2008#51	2021#95	R	D:read
2008#53	2021#95	R	D:read
2020#42	2026#84	F	D:read
2023#114	2024#54	V	D:read
2022#48	2026#1	V	D:read
2009#39	2011#15	R	D:read
2023#26	2026#60	F	D:read
2015#79	2019#34	F	D:read
2009#88	2020#41	F	D:read
2008#52	2021#106	R	D:read
2015#5	2022#27	F	D:read
2012#2	2024#30	F	D:read
2020#54	2023#89	F	D:read
2017#2	2019#103	F	D:read
2020#42	2021#113	F	D:read
2020#42	2021#120	F	D:read
2020#120	2024#46	F	D:read
2010#12	2017#95	F	D:read
2010#13	2017#95	F	D:read
2008#53	2021#106	R	D:read
2022#36	2026#58	F	D:read
2010#12	2015#24	F	D:read
2016#86	2023#77	F	D:read
2010#50	2013#9	F	D:read
2008#55	2021#106	R	D:read
2023#90	2024#93	F	D:read
2013#33	2014#87	R	D:read
2011#5	2018#37	F	D:read
2015#64	2019#29	F	D:read
2015#5	2025#66	F	D:read
2008#114	2024#95	F	D:read
2010#13	2015#24	F	D:read
2008#51	2021#106	R	D:read
2008#54	2021#109	R	D:read
2017#36	2026#103	F	D:read
2011#38	2023#9	R	D:read
2013#64	2017#2	F	D:read
2008#54	2021#95	R	D:read
2012#20	2025#47	F	D:read
2016#117	2019#26	F	audit:old-270-pair read
2013#40	2020#118	F	audit:old-270-pair read
2010#31	2016#117	F	audit:old-270-pair read
2010#31	2019#26	F	audit:old-270-pair read
2014#101	2020#118	F	audit:old-270-pair read
2016#107	2021#62	F	audit:old-270-pair read
2016#26	2019#21	V	audit:old-270-pair read
2009#58	2016#117	F	audit:old-270-pair read
2009#58	2019#26	F	audit:old-270-pair read
2011#42	2013#40	F	audit:old-270-pair read
2016#113	2022#16	F	audit:old-270-pair read
2009#2	2010#31	F	audit:old-270-pair read
2008#13	2014#71	F	audit:old-270-pair read
2010#59	2020#109	V	audit:old-270-pair read
2016#50	2017#96	V	audit:old-270-pair read
2018#50	2021#34	F	audit:old-270-pair read
2018#82	2019#108	F	audit:old-270-pair read
2008#44	2018#46	F	audit:old-270-pair read
2009#2	2016#117	F	audit:old-270-pair read
2009#2	2019#26	F	audit:old-270-pair read
2013#45	2015#64	R	audit:old-270-pair read
2016#74	2020#114	F	audit:old-270-pair read
2013#77	2015#29	F	audit:old-270-pair read
2015#12	2021#86	R	audit:old-270-pair read
2015#12	2021#84	R	audit:old-270-pair read
2010#66	2022#12	F	audit:old-270-pair read
2014#85	2022#6	V	audit:old-270-pair read
2022#27	2025#66	F	audit:old-270-pair read
2022#16	2023#116	F	audit:old-270-pair read
2017#92	2021#84	R	audit:old-270-pair read
2009#58	2010#31	F	audit:old-270-pair read
2008#28	2018#62	F	audit:old-270-pair read
2016#117	2026#31	F	audit:old-270-pair read
2011#42	2014#101	F	audit:old-270-pair read
2019#26	2026#31	F	audit:old-270-pair read
2014#75	2015#51	V	audit:old-270-pair read
2014#75	2019#38	V	audit:old-270-pair read
2009#57	2016#53	F	audit:old-270-pair read
2009#2	2021#32	F	audit:old-270-pair read
2008#47	2017#67	F	audit:old-270-pair read
2015#13	2021#86	R	audit:old-270-pair read
2011#42	2020#118	F	audit:old-270-pair read
2016#117	2021#32	F	audit:old-270-pair read
2015#13	2021#84	R	audit:old-270-pair read
2016#50	2022#51	F	audit:old-270-pair read
2018#46	2025#64	F	audit:old-270-pair read
2015#5	2019#108	V	audit:old-270-pair read
2023#27	2026#52	F	audit:old-270-pair read
2010#9	2018#90	F	audit:old-270-pair read
2014#85	2020#2	V	audit:old-270-pair read
2008#22	2011#42	F	audit:old-270-pair read
2012#5	2014#95	F	audit:old-270-pair read
2021#62	2024#30	F	audit:old-270-pair read
2016#74	2017#67	F	audit:old-270-pair read
2010#31	2021#32	F	audit:old-270-pair read
2009#35	2022#36	V	audit:old-270-pair read
2018#88	2022#63	R	audit:old-270-pair read
2021#62	2026#41	F	audit:old-270-pair read
2014#101	2020#119	F	audit:old-270-pair read
2021#99	2025#109	F	audit:old-270-pair read
2008#25	2018#62	F	audit:old-270-pair read
2012#15	2024#98	F	audit:old-270-pair read
2009#38	2018#58	V	audit:old-270-pair read
2010#31	2026#31	F	audit:old-270-pair read
2021#62	2026#43	F	audit:old-270-pair read
2020#73	2024#27	F	audit:old-270-pair read
2008#44	2025#64	F	audit:old-270-pair read
2019#26	2021#32	F	audit:old-270-pair read
2008#48	2022#16	F	audit:old-270-pair read
2008#111	2026#55	F	audit:old-270-pair read
2008#112	2019#52	F	audit:old-270-pair read
2013#22	2020#96	F	audit:old-270-pair read
2008#28	2025#63	F	audit:old-270-pair read
2009#25	2016#104	F	audit:old-270-pair read
2016#113	2023#116	F	audit:old-270-pair read
2008#33	2015#5	F	audit:old-270-pair read
2008#48	2017#67	F	audit:old-270-pair read
2017#67	2020#114	F	audit:old-270-pair read
2015#82	2022#43	F	audit:old-270-pair read
2013#40	2020#119	F	audit:old-270-pair read
2017#52	2025#77	F	audit:old-270-pair read
2025#77	2026#109	F	audit:old-270-pair read
2015#66	2019#28	F	audit:old-270-pair read
2010#19	2025#114	F	audit:old-270-pair read
2019#52	2025#13	F	audit:old-270-pair read
2009#7	2018#46	F	audit:old-270-pair read
2016#107	2024#30	F	audit:old-270-pair read
2020#96	2026#37	F	audit:old-270-pair read
2014#80	2016#107	F	audit:old-270-pair read
2013#31	2026#45	F	audit:old-270-pair read
2013#39	2017#40	F	audit:old-270-pair read
2008#22	2014#101	F	audit:old-270-pair read
2008#22	2020#118	F	audit:old-270-pair read
2014#101	2020#5	F	audit:old-270-pair read
2013#28	2018#52	F	audit:old-270-pair read
2009#58	2026#31	F	audit:old-270-pair read
2012#16	2013#45	F	audit:old-270-pair read
2013#40	2020#5	F	audit:old-270-pair read
2008#22	2013#40	F	audit:old-270-pair read
2017#96	2022#51	F	audit:old-270-pair read
2024#30	2026#41	F	audit:old-270-pair read
2012#111	2024#95	F	audit:old-270-pair read
2008#47	2016#74	F	audit:old-270-pair read
2009#41	2016#70	R	audit:old-270-pair read
2016#76	2024#84	F	audit:old-270-pair read
2021#54	2025#77	F	audit:old-270-pair read
